latitude,longitude
-11.2134,-69.5032
-11.2197,-69.5096
-11.2229,-69.5197
-11.2242,-69.5310
-11.2267,-69.5364
-11.2270,-69.5428
-11.2223,-69.5449
-11.2178,-69.5545
-11.2095,-69.5662
-11.2182,-69.5854
-11.2191,-69.6020
-11.2244,-69.6139
-11.2263,-69.6248
-11.2429,-69.6345
-11.2429,-69.6360
-11.2404,-69.6420
-11.2351,-69.6437
-11.2316,-69.6482
-11.2339,-69.6683
-11.2188,-69.6792
-11.2110,-69.6927
-11.2095,-69.7061
-11.2012,-69.7237
-11.2027,-69.7263
-11.2007,-69.7317
-11.2018,-69.7432
-11.1952,-69.7491
-11.1893,-69.7585
-11.1811,-69.7647
-11.1787,-69.7712
-11.1820,-69.7853
-11.1782,-69.7920
-11.1795,-69.7991
-11.1764,-69.8091
-11.1766,-69.8164
-11.1695,-69.8226
-11.1871,-69.8383
-11.2045,-69.8620
-11.1999,-69.8674
-11.1968,-69.8778
-11.1912,-69.8845
-11.1918,-69.8903
-11.1897,-69.8968
-11.1914,-69.9026
-11.1984,-69.9143
-11.1917,-69.9321
-11.1965,-69.9571
-11.1932,-69.9689
-11.1929,-69.9787
-11.1906,-69.9790
-11.1854,-69.9837
-11.1698,-69.9832
-11.1515,-69.9923
-11.1242,-69.9920
-11.1166,-69.9977
-11.1087,-69.9962
-11.1062,-70.0000
-11.1015,-70.0016
-11.0998,-70.0050
-11.1027,-70.0127
-11.1012,-70.0144
-11.1018,-70.0178
-11.1053,-70.0181
-11.1112,-70.0218
-11.1168,-70.0289
-11.1295,-70.0336
-11.1382,-70.0440
-11.1437,-70.0470
-11.1456,-70.0534
-11.1536,-70.0647
-11.1557,-70.0787
-11.1586,-70.0859
-11.1620,-70.0920
-11.1685,-70.0922
-11.1705,-70.1004
-11.1737,-70.1028
-11.1734,-70.1073
-11.1768,-70.1168
-11.1760,-70.1364
-11.1831,-70.1476
-11.1829,-70.1595
-11.1893,-70.1589
-11.1920,-70.1612
-11.1904,-70.1713
-11.1920,-70.1760
-11.1895,-70.1795
-11.1987,-70.1853
-11.1967,-70.2038
-11.1979,-70.2137
-11.1920,-70.2241
-11.2002,-70.2395
-11.2028,-70.2486
-11.2029,-70.2562
-11.1946,-70.2655
-11.1889,-70.2829
-11.1815,-70.2980
-11.1712,-70.3084
-11.1668,-70.3172
-11.1672,-70.3246
-11.1736,-70.3328
-11.1762,-70.3453
-11.1639,-70.3517
-11.1613,-70.3549
-11.1570,-70.3781
-11.1587,-70.3979
-11.1579,-70.3995
-11.1545,-70.3995
-11.1512,-70.4096
-11.1517,-70.4200
-11.1418,-70.4422
-11.1395,-70.4453
-11.1355,-70.4458
-11.1322,-70.4425
-11.1255,-70.4488
-11.1145,-70.4516
-11.1062,-70.4575
-11.1009,-70.4669
-11.0987,-70.4900
-11.0846,-70.5119
-11.0835,-70.5216
-11.0774,-70.5270
-11.0754,-70.5337
-11.0629,-70.5362
-11.0573,-70.5456
-11.0434,-70.5578
-11.0412,-70.5645
-11.0308,-70.5670
-11.0230,-70.5670
-11.0130,-70.5755
-11.0037,-70.5907
-11.0012,-70.6020
-10.9922,-70.6109
-10.9871,-70.6230
-10.9811,-70.6276
-10.9752,-70.6281
-10.9702,-70.6353
-10.9681,-70.6323
-10.9673,-70.6243
-10.9699,-70.6166
-10.9672,-70.6130
-10.9629,-70.6128
-10.9626,-70.6095
-10.9707,-70.5974
-10.9755,-70.5954
-10.9790,-70.5911
-10.9757,-70.5873
-10.9786,-70.5796
-10.9685,-70.5656
-10.9632,-70.5641
-10.9574,-70.5652
-10.9537,-70.5620
-10.9640,-70.5552
-10.9656,-70.5483
-10.9579,-70.5403
-10.9484,-70.5417
-10.9437,-70.5379
-10.9348,-70.5367
-10.9317,-70.5308
-10.9323,-70.5261
-10.9295,-70.5208
-10.9280,-70.5204
-10.9255,-70.5228
-10.9212,-70.5212
-10.9149,-70.5092
-10.9170,-70.5053
-10.9277,-70.5031
-10.9337,-70.4987
-10.9358,-70.4877
-10.9263,-70.4809
-10.9367,-70.4781
-10.9459,-70.4701
-10.9556,-70.4465
-10.9612,-70.4378
-10.9455,-70.4229
-10.9320,-70.4197
-10.9167,-70.4093
-10.9145,-70.4062
-10.9149,-70.4016
-10.9123,-70.3939
-10.9032,-70.3821
-10.9038,-70.3770
-10.9081,-70.3729
-10.9213,-70.3701
-10.9312,-70.3662
-10.9238,-70.3542
-10.9171,-70.3500
-10.9139,-70.3385
-10.9006,-70.3242
-10.9037,-70.3182
-10.8997,-70.3113
-10.9050,-70.3076
-10.9087,-70.2988
-10.9120,-70.2962
-10.9124,-70.2912
-10.9081,-70.2881
-10.9098,-70.2829
-10.9076,-70.2812
-10.8978,-70.2898
-10.8892,-70.2942
-10.8808,-70.2928
-10.8794,-70.2878
-10.8852,-70.2725
-10.8704,-70.2662
-10.8721,-70.2549
-10.8692,-70.2479
-10.8697,-70.2392
-10.8669,-70.2358
-10.8590,-70.2344
-10.8574,-70.2327
-10.8537,-70.2245
-10.8584,-70.2228
-10.8596,-70.2206
-10.8523,-70.2095
-10.8529,-70.2028
-10.8376,-70.1932
-10.8312,-70.1829
-10.8300,-70.1752
-10.8233,-70.1610
-10.8232,-70.1545
-10.8245,-70.1528
-10.8223,-70.1431
-10.8157,-70.1352
-10.8078,-70.1312
-10.7966,-70.1365
-10.7884,-70.1289
-10.7777,-70.1240
-10.7749,-70.1212
-10.7656,-70.1009
-10.7654,-70.0995
-10.7707,-70.0951
-10.7703,-70.0891
-10.7736,-70.0858
-10.7704,-70.0787
-10.7715,-70.0765
-10.7737,-70.0735
-10.7825,-70.0700
-10.7894,-70.0565
-10.7923,-70.0465
-10.7931,-70.0323
-10.8008,-70.0209
-10.8058,-70.0189
-10.8095,-70.0145
-10.8030,-70.0091
-10.8015,-69.9980
-10.8031,-69.9942
-10.8082,-69.9925
-10.8113,-69.9896
-10.8165,-69.9776
-10.8122,-69.9681
-10.8119,-69.9625
-10.8173,-69.9422
-10.8137,-69.9387
-10.8091,-69.9223
-10.7976,-69.9123
-10.7962,-69.9078
-10.7840,-69.8978
-10.7829,-69.8937
-10.7858,-69.8885
-10.7862,-69.8756
-10.7837,-69.8655
-10.7794,-69.8614
-10.7733,-69.8516
-10.7576,-69.8494
-10.7545,-69.8460
-10.7546,-69.8429
-10.7594,-69.8378
-10.7587,-69.8348
-10.7545,-69.8312
-10.7610,-69.8231
-10.7646,-69.8143
-10.7728,-69.8058
-10.7736,-69.8001
-10.7711,-69.7914
-10.7729,-69.7815
-10.7662,-69.7628
-10.7599,-69.7618
-10.7520,-69.7665
-10.7449,-69.7661
-10.7418,-69.7640
-10.7450,-69.7477
-10.7409,-69.7405
-10.7359,-69.7366
-10.7395,-69.7308
-10.7362,-69.7228
-10.7380,-69.7132
-10.7365,-69.6947
-10.7320,-69.6753
-10.7222,-69.6745
-10.7187,-69.6778
-10.7154,-69.6778
-10.7129,-69.6703
-10.7111,-69.6549
-10.7050,-69.6549
-10.6891,-69.6476
-10.6799,-69.6342
-10.6696,-69.6294
-10.6520,-69.6112
-10.6516,-69.5950
-10.6496,-69.5906
-10.6427,-69.5870
-10.6403,-69.5802
-10.6392,-69.5752
-10.6412,-69.5682
-10.6397,-69.5624
-10.6253,-69.5481
-10.6204,-69.5345
-10.6109,-69.5384
-10.5961,-69.5348
-10.5857,-69.5361
-10.5747,-69.5340
-10.5670,-69.5345
-10.5663,-69.5298
-10.5535,-69.5074
-10.5346,-69.4984
-10.5230,-69.4898
-10.5118,-69.4876
-10.5018,-69.4813
-10.4929,-69.4803
-10.4887,-69.4601
-10.4947,-69.4456
-10.4947,-69.4269
-10.4887,-69.4170
-10.4929,-69.4062
-10.4905,-69.4031
-10.4898,-69.3956
-10.4851,-69.3945
-10.4828,-69.3914
-10.4805,-69.3793
-10.4763,-69.3730
-10.4779,-69.3453
-10.4638,-69.3338
-10.4550,-69.3375
-10.4486,-69.3361
-10.4337,-69.3363
-10.4308,-69.3340
-10.4267,-69.3261
-10.4162,-69.3253
-10.4151,-69.3223
-10.4088,-69.3187
-10.4103,-69.3087
-10.4071,-69.2945
-10.3899,-69.2840
-10.3881,-69.2789
-10.3887,-69.2720
-10.3850,-69.2657
-10.3622,-69.2544
-10.3567,-69.2441
-10.3419,-69.2290
-10.3386,-69.2171
-10.3318,-69.2106
-10.3278,-69.2034
-10.3194,-69.1974
-10.3121,-69.1869
-10.3029,-69.1887
-10.2978,-69.1833
-10.2970,-69.1771
-10.2995,-69.1703
-10.2907,-69.1691
-10.2826,-69.1640
-10.2804,-69.1495
-10.2885,-69.1430
-10.2892,-69.1379
-10.2757,-69.1263
-10.2736,-69.1195
-10.2762,-69.1128
-10.2737,-69.1099
-10.2654,-69.1061
-10.2619,-69.1020
-10.2608,-69.0979
-10.2637,-69.0903
-10.2583,-69.0869
-10.2557,-69.0803
-10.2499,-69.0779
-10.2390,-69.0789
-10.2336,-69.0766
-10.2296,-69.0694
-10.2120,-69.0514
-10.2060,-69.0497
-10.1962,-69.0500
-10.1837,-69.0453
-10.1834,-69.0398
-10.1788,-69.0338
-10.1820,-69.0270
-10.1523,-69.0108
-10.1412,-69.0103
-10.1405,-69.0045
-10.1336,-69.0018
-10.1283,-68.9950
-10.1212,-68.9945
-10.1161,-68.9788
-10.1094,-68.9679
-10.0972,-68.9342
-10.0928,-68.9262
-10.0845,-68.9170
-10.0808,-68.9182
-10.0798,-68.9228
-10.0720,-68.9320
-10.0721,-68.9201
-10.0679,-68.9114
-10.0503,-68.9037
-10.0426,-68.9025
-10.0317,-68.9032
-10.0192,-68.8891
-10.0086,-68.8819
-10.0035,-68.8723
-9.9896,-68.8644
-9.9879,-68.8612
-9.9965,-68.8580
-9.9988,-68.8528
-9.9956,-68.8500
-9.9864,-68.8492
-9.9837,-68.8462
-9.9854,-68.8206
-9.9800,-68.8119
-9.9816,-68.8033
-9.9744,-68.7984
-9.9705,-68.7759
-9.9704,-68.7653
-9.9612,-68.7615
-9.9545,-68.7632
-9.9499,-68.7614
-9.9333,-68.7471
-9.9266,-68.7468
-9.9193,-68.7443
-9.9127,-68.7479
-9.9087,-68.7448
-9.9060,-68.7368
-9.9086,-68.7322
-9.9088,-68.7242
-9.9115,-68.7175
-9.9079,-68.7153
-9.9037,-68.7158
-9.8993,-68.7061
-9.8929,-68.7028
-9.8949,-68.6937
-9.8936,-68.6897
-9.8896,-68.6865
-9.8883,-68.6767
-9.8895,-68.6720
-9.8821,-68.6748
-9.8788,-68.6739
-9.8767,-68.6594
-9.8703,-68.6480
-9.8595,-68.6437
-9.8475,-68.6523
-9.8390,-68.6534
-9.8218,-68.6488
-9.8166,-68.6489
-9.8134,-68.6510
-9.8078,-68.6593
-9.7945,-68.6703
-9.7823,-68.6678
-9.7756,-68.6698
-9.7717,-68.6745
-9.7612,-68.6754
-9.7625,-68.6833
-9.7570,-68.6912
-9.7479,-68.6796
-9.7411,-68.6763
-9.7329,-68.6749
-9.7112,-68.6787
-9.7112,-68.6803
-9.7083,-68.6817
-9.6998,-68.6832
-9.6956,-68.6881
-9.6864,-68.6823
-9.6729,-68.6820
-9.6665,-68.6769
-9.6615,-68.6757
-9.6574,-68.6756
-9.6511,-68.6799
-9.6437,-68.6770
-9.6381,-68.6780
-9.6154,-68.6737
-9.6100,-68.6674
-9.6020,-68.6645
-9.5969,-68.6581
-9.5887,-68.6595
-9.5865,-68.6546
-9.5754,-68.6478
-9.5762,-68.6408
-9.5709,-68.6328
-9.5698,-68.6223
-9.5596,-68.6099
-9.5429,-68.6078
-9.5340,-68.6156
-9.5281,-68.6126
-9.5259,-68.6059
-9.5240,-68.6045
-9.5154,-68.6095
-9.5083,-68.6072
-9.5029,-68.6095
-9.4896,-68.6056
-9.4537,-68.5820
-9.4557,-68.5769
-9.4542,-68.5692
-9.4550,-68.5637
-9.4519,-68.5589
-9.4504,-68.5520
-9.4383,-68.5498
-9.4273,-68.5546
-9.4271,-68.5482
-9.4189,-68.5432
-9.4154,-68.5387
-9.4203,-68.5284
-9.4198,-68.5100
-9.4309,-68.4872
-9.4313,-68.4782
-9.4383,-68.4743
-9.4429,-68.4549
-9.4536,-68.4322
-9.4566,-68.4158
-9.4501,-68.3900
-9.4434,-68.3798
-9.4330,-68.3707
-9.4333,-68.3657
-9.4373,-68.3585
-9.4353,-68.3521
-9.4295,-68.3420
-9.4224,-68.3392
-9.4219,-68.3333
-9.4168,-68.3282
-9.4187,-68.3237
-9.4131,-68.3169
-9.4089,-68.3146
-9.4087,-68.3060
-9.4024,-68.3005
-9.4095,-68.2845
-9.4043,-68.2755
-9.4047,-68.2718
-9.4097,-68.2635
-9.4065,-68.2480
-9.4021,-68.2423
-9.3881,-68.2353
-9.3863,-68.2299
-9.3884,-68.2170
-9.3973,-68.1991
-9.3987,-68.1895
-9.3896,-68.1861
-9.3837,-68.1716
-9.3737,-68.1703
-9.3760,-68.1657
-9.3720,-68.1595
-9.3745,-68.1537
-9.3723,-68.1413
-9.3695,-68.1379
-9.3620,-68.1354
-9.3581,-68.1316
-9.3566,-68.1236
-9.3588,-68.1128
-9.3401,-68.0965
-9.3237,-68.0870
-9.3217,-68.0824
-9.3222,-68.0799
-9.3266,-68.0758
-9.3265,-68.0691
-9.3181,-68.0632
-9.3170,-68.0543
-9.3102,-68.0368
-9.3057,-68.0297
-9.3049,-68.0244
-9.3066,-68.0068
-9.3091,-68.0044
-9.3124,-67.9938
-9.3113,-67.9904
-9.3162,-67.9864
-9.3169,-67.9824
-9.3162,-67.9803
-9.3103,-67.9824
-9.3044,-67.9820
-9.2974,-67.9742
-9.2945,-67.9609
-9.2994,-67.9541
-9.2982,-67.9362
-9.2716,-67.9029
-9.2712,-67.8919
-9.2730,-67.8834
-9.2756,-67.8798
-9.2822,-67.8767
-9.2833,-67.8743
-9.2815,-67.8686
-9.2772,-67.8627
-9.2796,-67.8570
-9.2854,-67.8537
-9.2779,-67.8444
-9.2705,-67.8253
-9.2612,-67.8198
-9.2615,-67.8088
-9.2552,-67.7944
-9.2599,-67.7849
-9.2573,-67.7771
-9.2579,-67.7711
-9.2479,-67.7612
-9.2379,-67.7622
-9.2331,-67.7532
-9.2281,-67.7500
-9.2242,-67.7438
-9.2203,-67.7417
-9.2141,-67.7426
-9.2029,-67.7537
-9.1954,-67.7525
-9.1909,-67.7499
-9.1892,-67.7427
-9.1851,-67.7349
-9.1754,-67.7253
-9.1779,-67.7164
-9.1847,-67.7110
-9.1849,-67.7063
-9.1808,-67.7033
-9.1724,-67.7015
-9.1670,-67.6973
-9.1610,-67.6865
-9.1512,-67.6762
-9.1538,-67.6660
-9.1529,-67.6558
-9.1561,-67.6489
-9.1571,-67.6418
-9.1538,-67.6338
-9.1533,-67.6270
-9.1450,-67.6086
-9.1435,-67.6010
-9.1362,-67.5963
-9.1236,-67.5955
-9.1170,-67.5895
-9.1072,-67.5930
-9.0881,-67.5908
-9.0770,-67.5951
-9.0748,-67.5941
-9.0726,-67.5897
-9.0702,-67.5893
-9.0629,-67.5910
-9.0552,-67.5982
-9.0525,-67.5975
-9.0487,-67.5913
-9.0447,-67.5882
-9.0308,-67.5879
-9.0252,-67.5853
-9.0128,-67.5886
-9.0078,-67.5934
-9.0040,-67.5949
-8.9916,-67.5929
-8.9824,-67.5947
-8.9763,-67.5919
-8.9721,-67.5878
-8.9713,-67.5806
-8.9670,-67.5770
-8.9657,-67.5728
-8.9532,-67.5634
-8.9491,-67.5580
-8.9440,-67.5441
-8.9208,-67.5315
-8.9129,-67.5333
-8.9093,-67.5360
-8.9087,-67.5315
-8.9132,-67.5216
-8.9103,-67.5106
-8.9111,-67.5028
-8.9098,-67.4982
-8.9061,-67.4929
-8.8988,-67.4867
-8.8841,-67.4833
-8.8756,-67.4791
-8.8749,-67.4770
-8.8793,-67.4726
-8.8797,-67.4685
-8.8684,-67.4507
-8.8642,-67.4483
-8.8525,-67.4492
-8.8473,-67.4471
-8.8397,-67.4329
-8.8234,-67.4184
-8.8195,-67.4195
-8.8188,-67.4215
-8.8084,-67.4286
-8.7765,-67.4296
-8.7711,-67.4232
-8.7699,-67.4117
-8.7607,-67.4134
-8.7514,-67.4072
-8.7462,-67.4062
-8.7451,-67.3873
-8.7530,-67.3781
-8.7540,-67.3722
-8.7505,-67.3558
-8.7455,-67.3495
-8.7387,-67.3453
-8.7413,-67.3399
-8.7473,-67.3362
-8.7699,-67.3361
-8.7830,-67.3281
-8.7890,-67.3270
-8.7930,-67.3282
-8.7991,-67.3225
-8.8018,-67.3229
-8.8070,-67.3278
-8.8208,-67.3262
-8.8318,-67.3221
-8.8393,-67.3152
-8.8423,-67.3043
-8.8400,-67.2953
-8.8367,-67.2934
-8.8304,-67.2928
-8.8383,-67.2852
-8.8625,-67.2804
-8.8762,-67.2662
-8.8849,-67.2782
-8.8868,-67.2792
-8.8918,-67.2778
-8.8953,-67.2758
-8.9007,-67.2681
-8.9068,-67.2659
-8.9057,-67.2586
-8.9092,-67.2535
-8.9224,-67.2444
-8.9260,-67.2439
-8.9392,-67.2482
-8.9512,-67.2451
-8.9539,-67.2347
-8.9519,-67.2243
-8.9533,-67.2208
-8.9568,-67.2181
-8.9702,-67.2187
-8.9836,-67.2159
-8.9925,-67.2094
-9.0073,-67.2104
-9.0178,-67.2069
-9.0199,-67.2031
-9.0172,-67.1957
-9.0162,-67.1795
-9.0211,-67.1672
-9.0254,-67.1640
-9.0275,-67.1663
-9.0263,-67.1720
-9.0313,-67.1769
-9.0333,-67.1865
-9.0424,-67.1912
-9.0460,-67.2011
-9.0604,-67.2217
-9.0704,-67.2310
-9.0818,-67.2378
-9.0851,-67.2417
-9.0910,-67.2445
-9.1009,-67.2458
-9.1058,-67.2511
-9.1137,-67.2552
-9.1150,-67.2580
-9.1100,-67.2629
-9.1104,-67.2650
-9.1203,-67.2695
-9.1314,-67.2840
-9.1376,-67.2873
-9.1470,-67.2855
-9.1539,-67.2806
-9.1571,-67.2801
-9.1680,-67.2850
-9.1720,-67.2895
-9.1964,-67.2842
-9.2069,-67.2896
-9.2085,-67.2880
-9.2081,-67.2771
-9.2039,-67.2697
-9.2038,-67.2664
-9.2091,-67.2622
-9.2200,-67.2607
-9.2287,-67.2667
-9.2379,-67.2658
-9.2418,-67.2732
-9.2490,-67.2719
-9.2520,-67.2731
-9.2513,-67.2869
-9.2577,-67.2976
-9.2717,-67.3013
-9.2829,-67.2945
-9.2952,-67.3037
-9.3019,-67.3056
-9.3046,-67.3154
-9.3135,-67.3188
-9.3195,-67.3153
-9.3200,-67.3074
-9.3246,-67.3028
-9.3245,-67.2962
-9.3339,-67.2935
-9.3367,-67.2893
-9.3377,-67.2748
-9.3395,-67.2703
-9.3484,-67.2729
-9.3510,-67.2837
-9.3575,-67.2907
-9.3644,-67.2932
-9.3746,-67.2913
-9.3784,-67.2940
-9.3830,-67.3009
-9.3890,-67.3019
-9.4079,-67.2995
-9.4079,-67.2912
-9.4214,-67.2814
-9.4362,-67.2841
-9.4380,-67.2820
-9.4396,-67.2741
-9.4402,-67.2618
-9.4518,-67.2566
-9.4625,-67.2564
-9.4770,-67.2612
-9.4780,-67.2701
-9.4807,-67.2764
-9.4795,-67.2778
-9.4827,-67.2847
-9.4828,-67.2925
-9.4888,-67.2973
-9.4928,-67.2954
-9.5044,-67.2831
-9.5037,-67.2687
-9.5078,-67.2713
-9.5140,-67.2631
-9.5187,-67.2618
-9.5225,-67.2628
-9.5261,-67.2610
-9.5284,-67.2634
-9.5281,-67.2693
-9.5341,-67.2764
-9.5419,-67.2773
-9.5512,-67.2812
-9.5505,-67.2909
-9.5423,-67.2938
-9.5386,-67.3004
-9.5425,-67.3075
-9.5560,-67.3189
-9.5637,-67.3316
-9.5597,-67.3504
-9.5642,-67.3579
-9.5717,-67.3587
-9.5767,-67.3566
-9.5892,-67.3472
-9.5944,-67.3367
-9.5987,-67.3344
-9.6157,-67.3365
-9.6176,-67.3413
-9.6179,-67.3484
-9.6232,-67.3571
-9.6255,-67.3578
-9.6307,-67.3562
-9.6380,-67.3448
-9.6434,-67.3410
-9.6466,-67.3406
-9.6485,-67.3464
-9.6522,-67.3475
-9.6554,-67.3447
-9.6590,-67.3369
-9.6621,-67.3358
-9.6737,-67.3412
-9.6727,-67.3467
-9.6738,-67.3536
-9.6688,-67.3601
-9.6738,-67.3636
-9.6799,-67.3626
-9.6873,-67.3548
-9.6928,-67.3548
-9.7001,-67.3469
-9.7134,-67.3458
-9.7235,-67.3482
-9.7335,-67.3483
-9.7361,-67.3509
-9.7369,-67.3596
-9.7352,-67.3627
-9.7232,-67.3729
-9.7231,-67.3778
-9.7260,-67.3810
-9.7478,-67.3860
-9.7710,-67.3858
-9.7763,-67.3906
-9.7760,-67.4030
-9.7798,-67.4085
-9.7865,-67.4121
-9.8022,-67.4102
-9.8157,-67.4124
-9.8248,-67.4181
-9.8269,-67.4216
-9.8270,-67.4270
-9.8332,-67.4317
-9.8554,-67.4338
-9.8587,-67.4378
-9.8675,-67.4399
-9.8755,-67.4359
-9.8887,-67.4351
-9.8950,-67.4412
-9.9024,-67.4444
-9.9053,-67.4503
-9.9145,-67.4481
-9.9179,-67.4488
-9.9244,-67.4564
-9.9329,-67.4631
-9.9411,-67.4615
-9.9514,-67.4683
-9.9614,-67.4668
-9.9664,-67.4677
-9.9679,-67.4687
-9.9642,-67.4726
-9.9620,-67.4805
-9.9654,-67.4953
-9.9695,-67.4975
-9.9726,-67.4964
-9.9789,-67.4982
-9.9837,-67.4970
-9.9985,-67.5028
-10.0115,-67.5015
-10.0215,-67.5063
-10.0244,-67.5173
-10.0232,-67.5272
-10.0250,-67.5317
-10.0381,-67.5390
-10.0497,-67.5579
-10.0652,-67.5737
-10.0680,-67.5829
-10.0758,-67.5893
-10.0812,-67.5978
-10.0897,-67.5982
-10.0930,-67.6058
-10.0984,-67.6100
-10.1012,-67.6103
-10.1040,-67.6160
-10.1010,-67.6180
-10.1041,-67.6237
-10.0935,-67.6296
-10.0890,-67.6363
-10.0890,-67.6390
-10.0911,-67.6471
-10.0961,-67.6478
-10.1053,-67.6464
-10.1122,-67.6514
-10.1138,-67.6603
-10.1074,-67.6669
-10.1104,-67.6778
-10.1196,-67.6897
-10.1263,-67.6929
-10.1402,-67.7055
-10.1514,-67.7127
-10.1637,-67.7262
-10.1673,-67.7234
-10.1739,-67.7219
-10.1785,-67.7238
-10.1827,-67.7219
-10.1870,-67.7237
-10.1909,-67.7229
-10.1984,-67.7158
-10.2010,-67.7093
-10.2087,-67.7020
-10.2217,-67.7007
-10.2331,-67.7072
-10.2573,-67.7079
-10.2682,-67.7123
-10.2785,-67.7057
-10.2821,-67.6976
-10.2955,-67.6920
-10.3054,-67.6933
-10.3166,-67.6917
-10.3247,-67.6889
-10.3358,-67.6881
-10.3573,-67.6806
-10.3612,-67.6825
-10.3626,-67.6874
-10.3587,-67.7064
-10.3594,-67.7112
-10.3623,-67.7153
-10.3760,-67.7112
-10.4031,-67.7110
-10.4123,-67.7125
-10.4200,-67.7159
-10.4232,-67.7303
-10.4258,-67.7333
-10.4295,-67.7340
-10.4337,-67.7304
-10.4442,-67.7296
-10.4517,-67.7245
-10.4572,-67.7229
-10.4581,-67.7161
-10.4637,-67.7104
-10.4640,-67.7023
-10.4612,-67.6978
-10.4629,-67.6949
-10.4805,-67.6883
-10.4846,-67.6794
-10.4928,-67.6731
-10.5158,-67.6695
-10.5243,-67.6611
-10.5345,-67.6628
-10.5384,-67.6741
-10.5444,-67.6790
-10.5488,-67.6789
-10.5563,-67.6751
-10.5666,-67.6746
-10.5758,-67.6763
-10.5883,-67.6811
-10.5966,-67.6786
-10.5996,-67.6805
-10.6053,-67.6865
-10.6045,-67.6941
-10.6070,-67.7002
-10.6072,-67.7088
-10.6022,-67.7172
-10.6029,-67.7227
-10.6094,-67.7361
-10.6086,-67.7420
-10.6054,-67.7478
-10.6088,-67.7523
-10.6181,-67.7555
-10.6204,-67.7578
-10.6187,-67.7723
-10.6095,-67.7843
-10.6085,-67.7881
-10.6121,-67.7963
-10.6184,-67.7987
-10.6241,-67.8145
-10.6205,-67.8208
-10.6163,-67.8218
-10.6067,-67.8203
-10.5937,-67.8293
-10.5845,-67.8325
-10.5753,-67.8336
-10.5720,-67.8378
-10.5740,-67.8442
-10.5816,-67.8441
-10.5836,-67.8464
-10.5872,-67.8796
-10.6044,-67.9020
-10.6065,-67.9140
-10.6095,-67.9170
-10.6084,-67.9302
-10.5999,-67.9446
-10.5986,-67.9596
-10.5907,-67.9722
-10.5896,-67.9783
-10.5918,-67.9800
-10.5960,-67.9888
-10.5987,-68.0115
-10.6005,-68.0164
-10.6095,-68.0242
-10.6125,-68.0308
-10.6243,-68.0444
-10.6270,-68.0545
-10.6251,-68.0625
-10.6205,-68.0692
-10.6204,-68.0787
-10.6306,-68.0836
-10.6418,-68.0811
-10.6531,-68.0871
-10.6712,-68.1108
-10.6820,-68.1187
-10.6813,-68.1217
-10.6846,-68.1278
-10.6968,-68.1410
-10.7018,-68.1495
-10.7047,-68.1595
-10.7139,-68.1694
-10.7156,-68.1732
-10.7070,-68.1887
-10.7098,-68.1957
-10.7102,-68.2053
-10.7001,-68.2171
-10.6995,-68.2237
-10.6918,-68.2310
-10.6911,-68.2380
-10.6815,-68.2408
-10.6736,-68.2497
-10.6672,-68.2723
-10.6716,-68.2875
-10.6739,-68.3168
-10.6806,-68.3316
-10.6800,-68.3417
-10.6832,-68.3524
-10.6877,-68.3588
-10.6942,-68.3607
-10.6963,-68.3631
-10.6962,-68.3703
-10.7033,-68.3904
-10.7023,-68.3978
-10.7047,-68.4067
-10.7149,-68.4138
-10.7191,-68.4200
-10.7253,-68.4229
-10.7270,-68.4303
-10.7373,-68.4339
-10.7487,-68.4324
-10.7583,-68.4343
-10.7856,-68.4516
-10.8115,-68.4545
-10.8264,-68.4659
-10.8391,-68.4816
-10.8654,-68.4906
-10.8786,-68.5032
-10.8823,-68.5200
-10.8860,-68.5218
-10.8927,-68.5294
-10.9012,-68.5427
-10.9246,-68.5567
-10.9392,-68.5620
-10.9470,-68.5595
-10.9651,-68.5614
-10.9766,-68.5690
-10.9891,-68.5668
-11.0002,-68.5699
-11.0098,-68.5674
-11.0195,-68.5679
-11.0196,-68.5602
-11.0246,-68.5529
-11.0368,-68.5472
-11.0425,-68.5467
-11.0505,-68.5419
-11.0588,-68.5409
-11.0632,-68.5431
-11.0671,-68.5497
-11.0709,-68.5521
-11.0806,-68.5503
-11.0891,-68.5518
-11.0966,-68.5512
-11.1145,-68.5587
-11.1288,-68.5686
-11.1368,-68.5829
-11.1546,-68.5898
-11.1595,-68.5967
-11.1621,-68.6052
-11.1748,-68.6039
-11.1775,-68.6096
-11.1770,-68.6145
-11.1670,-68.6270
-11.1515,-68.6222
-11.1474,-68.6241
-11.1380,-68.6350
-11.1360,-68.6515
-11.1404,-68.6624
-11.1465,-68.6700
-11.1488,-68.6877
-11.1620,-68.7040
-11.1715,-68.7031
-11.1730,-68.7122
-11.1783,-68.7207
-11.1886,-68.7321
-11.2045,-68.7411
-11.2031,-68.7512
-11.2136,-68.7639
-11.2105,-68.7675
-11.2104,-68.7702
-11.2120,-68.7712
-11.2086,-68.7735
-11.1984,-68.7773
-11.1908,-68.7758
-11.1869,-68.7776
-11.1829,-68.7870
-11.1845,-68.7977
-11.1741,-68.8047
-11.1789,-68.8134
-11.1791,-68.8172
-11.1776,-68.8224
-11.1720,-68.8295
-11.1658,-68.8426
-11.1650,-68.8497
-11.1673,-68.8575
-11.1643,-68.8633
-11.1645,-68.8692
-11.1616,-68.8789
-11.1656,-68.8846
-11.1687,-68.8862
-11.1642,-68.8930
-11.1629,-68.9020
-11.1660,-68.9087
-11.1668,-68.9189
-11.1645,-68.9278
-11.1491,-68.9473
-11.1479,-68.9670
-11.1515,-68.9769
-11.1634,-68.9763
-11.1741,-68.9801
-11.1859,-68.9928
-11.1945,-68.9978
-11.1987,-69.0029
-11.2079,-69.0038
-11.2143,-69.0113
-11.2211,-69.0146
-11.2220,-69.0245
-11.2178,-69.0267
-11.2129,-69.0262
-11.2120,-69.0337
-11.2031,-69.0458
-11.2037,-69.0487
-11.2111,-69.0513
-11.2193,-69.0643
-11.2270,-69.0703
-11.2232,-69.0936
-11.2238,-69.1103
-11.2208,-69.1214
-11.2262,-69.1353
-11.2252,-69.1376
-11.2197,-69.1398
-11.2181,-69.1465
-11.2195,-69.1523
-11.2157,-69.1592
-11.2155,-69.1655
-11.2111,-69.1739
-11.2112,-69.1770
-11.2070,-69.1826
-11.2060,-69.1877
-11.1920,-69.1987
-11.1880,-69.2066
-11.1806,-69.2138
-11.1728,-69.2173
-11.1684,-69.2224
-11.1674,-69.2417
-11.1615,-69.2528
-11.1547,-69.2579
-11.1479,-69.2670
-11.1484,-69.2725
-11.1537,-69.2824
-11.1517,-69.3040
-11.1533,-69.3173
-11.1512,-69.3228
-11.1563,-69.3254
-11.1579,-69.3287
-11.1551,-69.3394
-11.1541,-69.3628
-11.1504,-69.3766
-11.1538,-69.3861
-11.1545,-69.3978
-11.1640,-69.4146
-11.1663,-69.4160
-11.1705,-69.4142
-11.1756,-69.4166
-11.1863,-69.4273
-11.1947,-69.4294
-11.1996,-69.4382
-11.2054,-69.4530
-11.2037,-69.4653
-11.2024,-69.4653
-11.1991,-69.4759
-11.2017,-69.4849
-11.1995,-69.4970
-11.2134,-69.5032
